title, summary, rating 
내일은 낯선 행성을 걷는다,밤 9시의 산책,9.89
까만 동화 : 인형의 집,잔혹동화,9.91
아빠는 N살,아빠 4컷 그림일기,9.91
유산은 처음이라,또 유산입니다,9.68
원룸202호,추리 스릴러,8.41
참을 수 없군,너,화장실로 올래?,8.83
악마인간,왕따 히어로 액션,9.24
엔피씨(NPC),엔피씨가된 용사,9.34
로로의 일본생활 다이어리,일본 먹부림 일기,9.79
전지적덕후시점,나의 덕질 라이프,9.68
중딩툰,중딩이 그렸던 웹툰,9.49
가족입니다.,가족 이야기,8.85
기후위기인간,지구와나의 연결고리,9.88
물고기로 살아남기!,신개념 게임 판타지,9.69
지새는 밤,잔잔 엉뚱,9.74
촉법,촉법 능력자?!,7.85
백발의 유성,액션/로맨스판타지,8.87
소라비의 잡화점,#로판  #남장여자,9.81
마피아게임에 어서오세요,살인 마피아게임,9.60
홈 스윗 홈,네식구 사는 이야기,9.85
소환진이 좀 이상해 보이는 건 기분 탓이겠지,판타지!,9.92
오늘의 난,오늘의 난, 난그림,9.53
남편봇과 사는법,로봇같은남편과 살기,9.91
파운드캣,식빵을 닮은 고양이,9.89
빅타이거,가장 큰 호랑이,9.44
그리마 콘텐츠,돈벌레 인간 방송,8.52
마루하루,11살 강아지 마루,9.81
과학고 생존일지,과학고에 간 문과생,9.82
꿀꾸리? 꿈꾸리!,중학생 꾸리일기-,8.75
일상견문록,여러나라 일상이야기,9.87
1억 받고 고백하기,이걸 안 해??,9.76
나는 오늘, 퇴사를 하였다.,퇴사, 이후 이야기,9.69
흑묘,검은 고양이 사냥꾼,9.71
30일의 시간여행,완결★★★★★,9.53
고고고,집사가 되어라!!!,9.88
베텔게우스,별과 시간과 사람,9.59
백일고 상상클럽,우리들의 상상이야기,9.87
카르엘,인어와 칼과 흉터,8.16
미필은 노하이,대한군필 만세!!,9.88
누나미워!,누나와 동생의 일상,9.90
후손들의 이야기,SF,9.77
제목이 7080 만화,7080 이야기,9.89
자작 보드게임 동아리,자작 보드게임 만화,9.76
싱글맘맘이야,싱글맘의 생생 실화,9.94
안녕 나의 수집,중고거래 만화,9.91
오디네리 피플,우리집, 당신집, 누군가의 집. 그저 평범한 가족이야기!,9.14
너는 나의 나는 너의 수호천사,로맨스판타지,9.88
채똘일기,채똘일기,9.60
어느날 보청기,보청기 이야기,9.88
결혼하고 싶지 않았는데 못하게 되었다.,안하느냐 못했느냐,9.86
정의를 위한 나라,소년모험판타지,9.56
퀸비,SF,액션,미스테리,8.59
잇츠라니타임,고라니 사는 얘기,9.83
158동 진상부부,부부의 진짜 일상,9.42
김네몽로그,그 김네몽 맞아요!,9.71
180°,숨기고 싶은 것,9.49
깜빡깜빡,반짝이의 일상,9.91
LADS'PARTY,판타지 액션,9.58
국밥소녀,국밥에 미친 소녀,9.09
좋아하는거 참으면 병나요!,좋아하는건 못참아,9.73
일상중의 일상툰,상중의 이상한 일상,9.54
휴지통,잔부스러기같은 행복,9.88
우당탕 입큰이,입만 살았네,9.72
북한의 아이,복희의 성장 스토리,8.74
드림걸즈,그녀들의 농구이야기,8.49
홍시관찰일기,아기를 싫어하던 여자가 아기를 낳았다!,9.85
핫캣일기,느긋한 열정 고양이,9.80
외국 in 한국,영국인의한국생활,9.87
S탐정 앙드레,진짜 탐정은 하나,9.92
성별역전,소꿉친구가몸이바뀜,9.49
CMYK,의식의 흐름 만화,9.15
이래봬도2학년,초등학교 이야기!,9.75
에스테리아,작은 별의 주인,9.80
윤덩까툰,ENFP일상 영국편,9.40
액터즈 나이트,약자들의 생존전략,9.46
이상낙원,마법 학원 판타지,9.88
러시아-워!,해외창업개그만화,9.92
바프일기,바디프로필 도전일지,9.77
마녀의 키스,마녀와 소년 이야기,9.39
사람 사람 사람,원트와 사람들,9.58
의대생 하루,의대생의 리얼 일상,8.81
올어바웃 You,귀염뽀짝 국제육아툰,9.86
집순이에 대하여,집순이들의 일상,9.79
내 매력에 퐁당,내 매력에 퐁당!,9.57
반오십부터 그림일기,평범한 으른일기,9.85
[BL] HOLY JUNK,두 사람의 삶,9.56
좀비 플래너,좀비 플래너,9.84
게임에 접속했습니다!,게임하는 고딩들,9.78
우리집 강아지는 복슬강아지,댕댕이와의 일상:3,9.89
오마이셋!!!,애가 셋입니다만..,9.89
나의 카이생활,카이스트 일상툰,9.79
사자머리와호깜대,뻔뻔한 냥이들의일상,9.78
카오스이론,오브젝트헤드 판타지,9.84
더 리턴,왜 우린 달라?,9.68
여신님의 키링남은 불로불사!?,동양 판타지 청춘물,9.54
기억 속 너에게,판타지 성장물,8.87
정크이터,쓰레기를 먹어라!,9.66
아틀레냐 비바체,치유계 개판물,9.89
전설의 미친 전교1등,입시비리vs전교1등,9.49
외계에서 온 지구인,외계에서 온 지구인,9.80
조폭소녀,개그 스릴러,9.63
이런 소설 같은 사랑!,안사랑? 유사랑!,9.73
새벽인력,꿈꾸는 일용직,9.77
너는 나의 2%,소꿉친구 병맛로맨스,9.86
백일몽화원,매력세계관 판타지,9.71
우당탕탕 휘삐 생존기,n잡러 한국어 선생,9.87
마지막 소원을 이뤄주는 사무소,마지막을 아름답게,9.67
개그용사,파르스와 니케의모험,9.18
방구석수필,실화 단편 에피소드,9.92
얘! 알바야,편의점 알바 일상,9.84
불손한 친구들,불손한친구들 이야기,9.81
주파수,힐링 로맨스 판타지,9.56
백작저를 나가야 하는 이유,로맨스 판타지,9.73
만월에 핀 연꽃,고려시대 사랑이야기,9.67
사예의 식이장애 일지,식이장애 이야기,9.75
하루땃따,룰루랄라 일상이야기,9.89
살인여행,코믹스릴러,8.67
Baby Boy Brother,연하남연애시뮬레이션,9.75
삼자대면,세 쌍둥이의 일상!,9.78
버츄얼 이온,버튜버가 된 소녀,7.62
녹는점,지구온난화,9.73
목욕탕 신령님!,판타지 시트콤,9.08
교수도 사람이다,교수도 사람입니다,9.76
소란 씨스터즈,그녀들의 이야기,9.58
지극히 평범한 생활,!! 일상툰 !!,9.90
더 위시,솔로몬의 마법단지,9.25
해골 잭,다크판타지 소년만화,9.80
제네틱 아이러니,성별이 바뀐다고?,8.25
이게좋아,우린 무슨 관계지?,8.82
오늘의 후기,매일 살아가는 후기,9.78
슬기로운 재수생활,재수생활 염탐하기,9.76
떴다! 자취생,토깽이의 인생일기,9.43
조선 왕실의 신화,유교 신화 이야기,9.79
생각보다 잘 자랐습니다,가정폭력 그후10년,9.90
냉장고 속 친구들,냉장고 속에서,9.60
마롱의 마카롱,디저트 먹는 만화,9.86
고양이식당,요리천재 고양이,9.75
초시공아기!!,기상천외 대행진!!,9.55
일월의 선화,동양풍 성장 판타지,9.82
소중한 하루를 살다,소중한 일상 만들기,9.65
산군대잔치,강아지 산군의 일상,9.86
낮잠 자는 사람들,창작인밀착일상툰,9.91
월국(月國)의 프락세이스,소년과 세계,스피릿,9.63
김치걸 x 밀크티보이,한국여자+홍콩남자,9.86
곰의 딸,소녀의 모험,9.52
렌시,포션사의 이야기,9.94
낫론니 포레스트,할머니와 도마도!,9.93
말레이시아 리스키씨,말레이시아 교민일기,9.89
[GL] 유빈이는 기여운데,본격 여고 로맨스,9.58
잘먹는 가,본격 음식예찬툰!,9.82
원래부터 아무것도 없었던 세계,시리어스 메타픽션물,9.80
대학교 수감기록,이젠 대학교에 수감,9.75
주짓수와 고양이,주짓수에 빠진 집사,9.70
예청,조선 여군 '예청',9.58
너구리네 육아일기,육아일기,9.77
소소한 일상기록툰,소소한 일상의 기록,9.91
뭉가툰,뭉가의 개그일상,9.80
소심인사회,소심인사회,9.91
귀신잡는 해병대,헤이빠빠리빠,9.77
우리반 여신,행운의여신우리학교에,9.66
육아도 경력이 될 수 있다면,육아 에세이툰,9.75
신과의 대화,즐거운 이야기,9.77
마이웨이수호신,로코+환생판타지,9.10
송양 게스트하우스,송양,9.77
테일 오브 빌런,동화속악당의 이야기,9.90
전생도깨비,도깨비가쫓아다닌다.,9.80
플래닛자이언,월드와이드 SF극화,9.36
일찍 자고 일찍 일어나기,아침형 뱀파이어,9.90
별을 향해,별 여행 이야기,9.57
마이툰,두딸키우는 아재일상,9.67
부서진 평시,연쇄살인의 내막,9.71
시카 단편선,여러가지 단편들,9.94
오늘부터 G.A.B님과 함께 살게 되었습니다,이 보안만화,웃기다,8.08
옆집에 그녀가 산다,옆집의 특별한그녀!,9.62
하나리즈,레즈비언 커플이야기,8.98
순임이,엄마의 엄마 이야기,9.88
별새의 여행자,소녀의 우주여행기,8.67
만유인력의 법칙,1960에서살아남기,9.88
THE 극한가장,네가족의 일상툰,9.78
누루누루 음식만화,음식 탐닉 일상툰,9.91
다람쥐 란란,마이웨이 일상,9.87
한지붕 새가족,꿀잼 가족 시트콤!,9.61
저주라는이름의축복,← 키안 (♂),9.86
DO 유교 ME,유교 시점 로맨스,8.97
하트샷,징크스 극복기,9.51
런어웨이,초능력자들의 이야기,9.80
충견,괴물과 싸우는 괴물,9.13
소도시에 삽니다,지방 소도시의 일상,9.93
500원 토끼,500원토끼의 일상,9.74
B연애주의,연애는 선택,9.78
아엠낫히어로,악당영웅의아이키우다,9.01
우리 카페 사장님이 이상하다,이상한 카페 알바기,9.93
리사이클 : RE,이게 진짜 사기지.,8.82
루텔,력家네,9.90
꽃샘바람,동화의 사랑 이야기,9.40
결혼 후, 보통의 삶,묘한 중독 짱매의 매일매일,9.90
아타나시아,마법과 불사,9.67
졸렬☆다이나믹,다이나믹 초딩들,9.91
다시, 닻별,엉뚱발랄 일상이야기,5.76
네일을 향해 쏴라,남자의 네일 도전기,9.50
미신,사이비 호러스릴러,9.67
여기서 한잔할래?,수달의 혼술툰,9.74
잠깐만! 아이돌 좀 하고 갈게,아이돌 판타지,9.67
원더키퍼,너를 지키는,9.90
우리집엔 호랑이가 산다,호랑이굴에서살아남기,9.92
오늘도 분홍했분홍,일상툰,9.85
살인귀,살인귀들,9.27
악마법소녀,마법과 내뱉은 말,9.91
주말엔 보랏빛 향기,성장 로맨스,9.72
맹랑맘마 ing,현재진행형 일기,9.84
드라코 하트 (Drache Heart),몬스터 레벨업스토리,8.95
죽음과 동화,두려움.증오.사랑,9.88
헨젤과 마녀 그레텔,마녀를 조심해,9.48
작은 집에 사는 커다란 개,강아지와 사람 얘기,9.92
귀현설(鬼現說),공포 클리셰를 깨자,9.44
광해와 이순신,전쟁을 이긴 영웅들,9.59
